split,rows,negatif,positif,persen_total
Train,2826,428,2398,89.97134670487105
Validation,157,16,141,4.998408150270615
Test,158,17,141,5.030245144858325
